Gmt time,Open,High,Low,Close,Volume
01.01.2016 00:00:00.000,1.06825,1.06825,1.06825,1.06825,0
02.01.2016 00:00:00.000,1.06825,1.06825,1.06825,1.06825,0
03.01.2016 00:00:00.000,1.06778,1.06876,1.06610,1.06701,6209.2998
04.01.2016 00:00:00.000,1.06701,1.07114,1.06226,1.06549,82588.4375
05.01.2016 00:00:00.000,1.06549,1.07196,1.06500,1.06908,85546.6875
06.01.2016 00:00:00.000,1.06908,1.07310,1.06266,1.06610,115589.8438
07.01.2016 00:00:00.000,1.06610,1.06614,1.05399,1.05899,123704.2578
08.01.2016 00:00:00.000,1.05894,1.06653,1.05760,1.06282,100060.6094
09.01.2016 00:00:00.000,1.06282,1.06282,1.06282,1.06282,0
10.01.2016 00:00:00.000,1.06391,1.06536,1.06141,1.06496,7101.2202
11.01.2016 00:00:00.000,1.06496,1.07011,1.06422,1.06615,118990.6875
12.01.2016 00:00:00.000,1.06615,1.07204,1.06250,1.06820,123654.3828
13.01.2016 00:00:00.000,1.06820,1.07279,1.06556,1.06982,116981.0313
14.01.2016 00:00:00.000,1.06982,1.08014,1.06867,1.07785,137535.4688
15.01.2016 00:00:00.000,1.07785,1.08115,1.06137,1.06189,131907.8281
16.01.2016 00:00:00.000,1.06189,1.06189,1.06189,1.06189,0
17.01.2016 00:00:00.000,1.06736,1.06737,1.06402,1.06489,7332.6001
18.01.2016 00:00:00.000,1.06488,1.06979,1.06331,1.06566,107857.0938
19.01.2016 00:00:00.000,1.06566,1.08120,1.06497,1.08074,141632.8281
20.01.2016 00:00:00.000,1.08072,1.08419,1.07030,1.07325,184688.7813
21.01.2016 00:00:00.000,1.07327,1.07778,1.06891,1.07253,184720.8125
22.01.2016 00:00:00.000,1.07258,1.08376,1.07165,1.08021,123622.3281
23.01.2016 00:00:00.000,1.08021,1.08021,1.08021,1.08021,0
24.01.2016 00:00:00.000,1.07970,1.08333,1.07899,1.08212,7539.7402
25.01.2016 00:00:00.000,1.08213,1.08243,1.07395,1.07758,133086.6406
26.01.2016 00:00:00.000,1.07756,1.08157,1.07534,1.07610,140674.2813
27.01.2016 00:00:00.000,1.07610,1.09389,1.07522,1.09108,160659.9375
28.01.2016 00:00:00.000,1.09111,1.09700,1.09016,1.09347,143659.1563
29.01.2016 00:00:00.000,1.09347,1.09757,1.08999,1.09296,152356.0313
30.01.2016 00:00:00.000,1.09296,1.09296,1.09296,1.09296,0
31.01.2016 00:00:00.000,1.09205,1.09383,1.09146,1.09247,7947.8398
01.02.2016 00:00:00.000,1.09253,1.09473,1.08430,1.08608,128024.8594
02.02.2016 00:00:00.000,1.08608,1.09077,1.07740,1.07848,133898.0625
03.02.2016 00:00:00.000,1.07844,1.07958,1.06520,1.07680,145133.5625
04.02.2016 00:00:00.000,1.07678,1.07907,1.06927,1.07059,138713.1563
05.02.2016 00:00:00.000,1.07059,1.07479,1.06561,1.06715,111702.0625
06.02.2016 00:00:00.000,1.06715,1.06715,1.06715,1.06715,0
07.02.2016 00:00:00.000,1.06847,1.06989,1.06817,1.06917,9775.4805
08.02.2016 00:00:00.000,1.06917,1.07190,1.06652,1.06954,121294.5234
09.02.2016 00:00:00.000,1.06953,1.06959,1.05912,1.06366,144762.9375
10.02.2016 00:00:00.000,1.06366,1.06893,1.06128,1.06301,152378.4375
11.02.2016 00:00:00.000,1.06301,1.06642,1.05737,1.06172,179692.7969
12.02.2016 00:00:00.000,1.06172,1.07428,1.06033,1.07297,129515.3672
13.02.2016 00:00:00.000,1.07297,1.07297,1.07297,1.07297,0
14.02.2016 00:00:00.000,1.07471,1.07486,1.07195,1.07213,6883.0898
15.02.2016 00:00:00.000,1.07210,1.07668,1.07119,1.07490,130437.6563
16.02.2016 00:00:00.000,1.07493,1.08751,1.07353,1.08176,133727.4219
17.02.2016 00:00:00.000,1.08176,1.08383,1.07775,1.08227,128757.8672
18.02.2016 00:00:00.000,1.08229,1.08362,1.07445,1.07700,119386.2422
19.02.2016 00:00:00.000,1.07699,1.07858,1.07246,1.07847,100934.1328
20.02.2016 00:00:00.000,1.07847,1.07847,1.07847,1.07847,0
21.02.2016 00:00:00.000,1.07677,1.07849,1.07505,1.07845,6780.9902
22.02.2016 00:00:00.000,1.07844,1.07991,1.07506,1.07765,117492.1328
23.02.2016 00:00:00.000,1.07765,1.08500,1.07761,1.08419,113613.7422
24.02.2016 00:00:00.000,1.08418,1.08759,1.07918,1.07938,119615.0781
25.02.2016 00:00:00.000,1.07939,1.08165,1.07149,1.07241,116590.0234
26.02.2016 00:00:00.000,1.07250,1.07683,1.06726,1.07550,104934.2891
27.02.2016 00:00:00.000,1.07550,1.07550,1.07550,1.07550,0
28.02.2016 00:00:00.000,1.08121,1.08269,1.07948,1.08158,9079.21
29.02.2016 00:00:00.000,1.08157,1.08593,1.07952,1.08168,106644.6797
01.03.2016 00:00:00.000,1.08171,1.08545,1.07668,1.08213,110105.1406
02.03.2016 00:00:00.000,1.08213,1.09762,1.08033,1.09380,121069.4609
03.03.2016 00:00:00.000,1.09383,1.09627,1.09043,1.09436,142983.1406
04.03.2016 00:00:00.000,1.09436,1.09567,1.08954,1.09156,144209.0625
05.03.2016 00:00:00.000,1.09156,1.09156,1.09156,1.09156,0
06.03.2016 00:00:00.000,1.09131,1.09223,1.09009,1.09175,9589.6201
07.03.2016 00:00:00.000,1.09175,1.10295,1.09002,1.09949,114409.2109
08.03.2016 00:00:00.000,1.09958,1.10398,1.09582,1.10270,123690.2734
09.03.2016 00:00:00.000,1.10270,1.12695,1.09956,1.12528,137151.8281
10.03.2016 00:00:00.000,1.12528,1.12860,1.11519,1.11609,160625.9219
11.03.2016 00:00:00.000,1.11606,1.12461,1.11453,1.12216,105658.7109
12.03.2016 00:00:00.000,1.12216,1.12216,1.12216,1.12216,0
13.03.2016 00:00:00.000,1.12257,1.12375,1.12093,1.12209,16604.3691
14.03.2016 00:00:00.000,1.12209,1.12709,1.11940,1.12516,124666.3281
15.03.2016 00:00:00.000,1.12513,1.13181,1.12144,1.12885,129615.0391
16.03.2016 00:00:00.000,1.12888,1.13197,1.11667,1.11974,134679.2188
17.03.2016 00:00:00.000,1.11971,1.12611,1.11523,1.11867,153091.1094
18.03.2016 00:00:00.000,1.11867,1.12230,1.11607,1.12010,95169.9219
19.03.2016 00:00:00.000,1.12010,1.12010,1.12010,1.12010,0
20.03.2016 00:00:00.000,1.11959,1.12171,1.11889,1.12156,14598.3896
21.03.2016 00:00:00.000,1.12151,1.12444,1.11931,1.11979,98726.2031
22.03.2016 00:00:00.000,1.11979,1.13019,1.11921,1.12905,128637.3984
23.03.2016 00:00:00.000,1.12908,1.13348,1.12075,1.12140,119243.8203
24.03.2016 00:00:00.000,1.12139,1.12472,1.11862,1.12430,99002.7031
25.03.2016 00:00:00.000,1.12428,1.12534,1.12152,1.12439,55479.6016
26.03.2016 00:00:00.000,1.12439,1.12439,1.12439,1.12439,0
27.03.2016 00:00:00.000,1.12618,1.12627,1.12246,1.12378,6032.3501
28.03.2016 00:00:00.000,1.12375,1.12543,1.12031,1.12111,58495.8906
29.03.2016 00:00:00.000,1.12111,1.12187,1.11072,1.11281,115215.1875
30.03.2016 00:00:00.000,1.11283,1.11459,1.10476,1.10972,128837.2813
31.03.2016 00:00:00.000,1.10972,1.11047,1.10664,1.10865,108163.1484
01.04.2016 00:00:00.000,1.10867,1.11654,1.10780,1.11373,101323.7891
02.04.2016 00:00:00.000,1.11373,1.11373,1.11373,1.11373,0
03.04.2016 00:00:00.000,1.11400,1.11458,1.11153,1.11185,5424.9502
04.04.2016 00:00:00.000,1.11185,1.12003,1.10804,1.11592,95892.2734
05.04.2016 00:00:00.000,1.11592,1.12038,1.10721,1.10972,118392.6484
06.04.2016 00:00:00.000,1.10972,1.11457,1.10852,1.11453,97713.3906
07.04.2016 00:00:00.000,1.11453,1.11665,1.10687,1.10836,106361.4688
08.04.2016 00:00:00.000,1.10836,1.11324,1.10745,1.11209,84695.8672
09.04.2016 00:00:00.000,1.11209,1.11209,1.11209,1.11209,0
10.04.2016 00:00:00.000,1.10889,1.11077,1.10818,1.10994,4242.7998
11.04.2016 00:00:00.000,1.10994,1.11031,1.10533,1.10740,105888.3828
12.04.2016 00:00:00.000,1.10742,1.11262,1.10557,1.11013,97137.6875
13.04.2016 00:00:00.000,1.11017,1.11060,1.10368,1.10805,101792.9219
14.04.2016 00:00:00.000,1.10810,1.12480,1.10719,1.12120,102555.7813
15.04.2016 00:00:00.000,1.12120,1.12238,1.11277,1.11752,80711.0313
16.04.2016 00:00:00.000,1.11752,1.11752,1.11752,1.11752,0
17.04.2016 00:00:00.000,1.11202,1.11924,1.10667,1.10956,12922.5498
18.04.2016 00:00:00.000,1.10950,1.11728,1.10785,1.11308,105377.5781
19.04.2016 00:00:00.000,1.11308,1.11405,1.10742,1.10897,98916.3125
20.04.2016 00:00:00.000,1.10897,1.11915,1.10866,1.11847,107630.9922
21.04.2016 00:00:00.000,1.11848,1.12367,1.11807,1.12148,111559.5625
22.04.2016 00:00:00.000,1.12151,1.12684,1.11968,1.12542,109292.6484
23.04.2016 00:00:00.000,1.12542,1.12542,1.12542,1.12542,0
24.04.2016 00:00:00.000,1.12545,1.12576,1.12246,1.12311,7231.0498
25.04.2016 00:00:00.000,1.12307,1.12737,1.12116,1.12314,95898.5781
26.04.2016 00:00:00.000,1.12318,1.12488,1.12003,1.12411,110598.5938
27.04.2016 00:00:00.000,1.12416,1.12677,1.09540,1.09755,143005.2031
28.04.2016 00:00:00.000,1.09755,1.09989,1.09262,1.09645,122438.0391
29.04.2016 00:00:00.000,1.09645,1.09960,1.08839,1.09040,112694.6484
30.04.2016 00:00:00.000,1.09040,1.09040,1.09040,1.09040,0
01.05.2016 00:00:00.000,1.08948,1.09028,1.08766,1.08772,5674.2402
02.05.2016 00:00:00.000,1.08770,1.09284,1.08459,1.08968,97775.3828
03.05.2016 00:00:00.000,1.08965,1.09599,1.07940,1.08236,125310.3984
04.05.2016 00:00:00.000,1.08234,1.08928,1.08127,1.08408,109412.7578
05.05.2016 00:00:00.000,1.08404,1.08766,1.08302,1.08574,90189.0938
06.05.2016 00:00:00.000,1.08574,1.08604,1.07391,1.07819,92775.2109
07.05.2016 00:00:00.000,1.07819,1.07819,1.07819,1.07819,0
08.05.2016 00:00:00.000,1.07987,1.08028,1.07761,1.07804,4290.2402
09.05.2016 00:00:00.000,1.07804,1.08235,1.07531,1.08077,85921.7969
10.05.2016 00:00:00.000,1.08078,1.09235,1.08073,1.08419,92430.7578
11.05.2016 00:00:00.000,1.08425,1.08477,1.07929,1.07934,87060.2969
12.05.2016 00:00:00.000,1.07938,1.08057,1.07189,1.07324,87032.4297
13.05.2016 00:00:00.000,1.07320,1.07658,1.07078,1.07627,87287.5
14.05.2016 00:00:00.000,1.07627,1.07627,1.07627,1.07627,0
15.05.2016 00:00:00.000,1.07241,1.07541,1.07236,1.07534,4555.73
16.05.2016 00:00:00.000,1.07545,1.07854,1.07212,1.07416,63121.2813
17.05.2016 00:00:00.000,1.07416,1.08088,1.07337,1.07594,81529.5703
18.05.2016 00:00:00.000,1.07594,1.07689,1.06818,1.06944,93871.8203
19.05.2016 00:00:00.000,1.06944,1.07259,1.06541,1.06985,107227.5469
20.05.2016 00:00:00.000,1.06985,1.07101,1.06648,1.06818,66899.6719
21.05.2016 00:00:00.000,1.06818,1.06818,1.06818,1.06818,0
22.05.2016 00:00:00.000,1.06856,1.06900,1.06681,1.06793,3751.1001
23.05.2016 00:00:00.000,1.06787,1.06966,1.06220,1.06932,78677.9609
24.05.2016 00:00:00.000,1.06934,1.07356,1.06332,1.06532,94298.9219
25.05.2016 00:00:00.000,1.06534,1.07209,1.06310,1.07112,93168.7813
26.05.2016 00:00:00.000,1.07113,1.07480,1.06707,1.07046,84499.2578
27.05.2016 00:00:00.000,1.07050,1.07419,1.06995,1.07397,72023.4922
28.05.2016 00:00:00.000,1.07397,1.07397,1.07397,1.07397,0
29.05.2016 00:00:00.000,1.07293,1.07345,1.07161,1.07258,4953.5498
30.05.2016 00:00:00.000,1.07258,1.07414,1.07031,1.07263,50580.5
31.05.2016 00:00:00.000,1.07263,1.07780,1.06488,1.06692,87613.4922
01.06.2016 00:00:00.000,1.06689,1.07409,1.06262,1.06307,101474.1484
02.06.2016 00:00:00.000,1.06308,1.06431,1.05895,1.06108,86151.4297
03.06.2016 00:00:00.000,1.06108,1.06195,1.05289,1.05937,86420.1016
04.06.2016 00:00:00.000,1.05937,1.05937,1.05937,1.05937,0
05.06.2016 00:00:00.000,1.06156,1.06214,1.05859,1.05909,5932.8501
06.06.2016 00:00:00.000,1.05907,1.06757,1.05653,1.06649,86814.9297
07.06.2016 00:00:00.000,1.06650,1.07400,1.06531,1.07130,78369.2422
08.06.2016 00:00:00.000,1.07128,1.07181,1.05084,1.05187,87696.7188
09.06.2016 00:00:00.000,1.05194,1.05244,1.04112,1.04183,100467.3672
10.06.2016 00:00:00.000,1.04187,1.04785,1.04186,1.04611,74342.7969
11.06.2016 00:00:00.000,1.04611,1.04611,1.04611,1.04611,0
12.06.2016 00:00:00.000,1.04613,1.04676,1.04476,1.04599,5263.5098
13.06.2016 00:00:00.000,1.04599,1.04953,1.04509,1.04817,73432.2422
14.06.2016 00:00:00.000,1.04817,1.05311,1.04633,1.05247,84780.2578
15.06.2016 00:00:00.000,1.05249,1.05541,1.04593,1.04784,86342.8984
16.06.2016 00:00:00.000,1.04784,1.05113,1.04193,1.04674,98686.4531
17.06.2016 00:00:00.000,1.04671,1.04952,1.04545,1.04929,75047.4063
18.06.2016 00:00:00.000,1.04929,1.04929,1.04929,1.04929,0
19.06.2016 00:00:00.000,1.05149,1.05166,1.04763,1.04866,8709.0596
20.06.2016 00:00:00.000,1.04866,1.05047,1.04576,1.04858,78972.0781
21.06.2016 00:00:00.000,1.04850,1.05182,1.04502,1.04588,76994.5938
22.06.2016 00:00:00.000,1.04586,1.04944,1.04449,1.04903,77559.6719
23.06.2016 00:00:00.000,1.04906,1.05364,1.04510,1.04671,118573.9766
24.06.2016 00:00:00.000,1.04672,1.05164,1.04308,1.05112,173251.0313
25.06.2016 00:00:00.000,1.05112,1.05112,1.05112,1.05112,0
26.06.2016 00:00:00.000,1.04889,1.05051,1.04622,1.04801,8703.3398
27.06.2016 00:00:00.000,1.04802,1.05119,1.04501,1.04939,108538.3594
28.06.2016 00:00:00.000,1.04943,1.04996,1.04504,1.04637,86653.9375
29.06.2016 00:00:00.000,1.04638,1.04920,1.04340,1.04863,88244.6094
30.06.2016 00:00:00.000,1.04863,1.05018,1.04366,1.04437,112156.1016
01.07.2016 00:00:00.000,1.04435,1.04708,1.04157,1.04625,74287.2266
02.07.2016 00:00:00.000,1.04625,1.04625,1.04625,1.04625,0
03.07.2016 00:00:00.000,1.04032,1.04163,1.03832,1.04098,6376.4902
04.07.2016 00:00:00.000,1.04094,1.04652,1.03998,1.04346,64653.6992
05.07.2016 00:00:00.000,1.04346,1.04649,1.04100,1.04410,94482.7734
06.07.2016 00:00:00.000,1.04410,1.05520,1.04378,1.05399,103608.7109
07.07.2016 00:00:00.000,1.05397,1.05431,1.03437,1.03620,105546.6016
08.07.2016 00:00:00.000,1.03620,1.03807,1.03144,1.03658,89798.7578
09.07.2016 00:00:00.000,1.03658,1.03658,1.03658,1.03658,0
10.07.2016 00:00:00.000,1.03784,1.03879,1.03538,1.03606,7271.48
11.07.2016 00:00:00.000,1.03602,1.04476,1.03537,1.04222,89855.5234
12.07.2016 00:00:00.000,1.04222,1.04738,1.04186,1.04286,90418.6172
13.07.2016 00:00:00.000,1.04286,1.04869,1.04262,1.04616,95686.0625
14.07.2016 00:00:00.000,1.04615,1.06357,1.04374,1.06339,104815.8672
15.07.2016 00:00:00.000,1.06340,1.07032,1.06218,1.06531,100151.4219
16.07.2016 00:00:00.000,1.06531,1.06531,1.06531,1.06531,0
17.07.2016 00:00:00.000,1.06377,1.07440,1.06248,1.07302,9648.5996
18.07.2016 00:00:00.000,1.07302,1.07744,1.06663,1.07586,86282.3203
19.07.2016 00:00:00.000,1.07590,1.07626,1.06307,1.06589,93985.3125
20.07.2016 00:00:00.000,1.06589,1.07368,1.06122,1.07234,129116.6094
21.07.2016 00:00:00.000,1.07234,1.07571,1.06940,1.07164,195027.9063
22.07.2016 00:00:00.000,1.07164,1.07302,1.06596,1.06682,143522.875
23.07.2016 00:00:00.000,1.06682,1.06682,1.06682,1.06682,0
24.07.2016 00:00:00.000,1.06761,1.06772,1.06585,1.06691,11762.5801
25.07.2016 00:00:00.000,1.06691,1.07289,1.06647,1.06849,160308.3438
26.07.2016 00:00:00.000,1.06849,1.07012,1.06243,1.06355,197971.3594
27.07.2016 00:00:00.000,1.06355,1.07284,1.05796,1.05962,236138.7188
28.07.2016 00:00:00.000,1.05966,1.06375,1.05707,1.05972,171320.2969
29.07.2016 00:00:00.000,1.05972,1.06283,1.05220,1.05481,205292.8438
30.07.2016 00:00:00.000,1.05481,1.05481,1.05481,1.05481,0
31.07.2016 00:00:00.000,1.05523,1.05590,1.05388,1.05544,9731.0195
01.08.2016 00:00:00.000,1.05543,1.05588,1.04885,1.04984,165731.4375
02.08.2016 00:00:00.000,1.04984,1.05501,1.04510,1.05426,218058.4531
03.08.2016 00:00:00.000,1.05428,1.06212,1.05217,1.06068,215381.9219
04.08.2016 00:00:00.000,1.06068,1.06459,1.05911,1.06404,184506.8594
05.08.2016 00:00:00.000,1.06404,1.06813,1.06061,1.06732,160189.0938
06.08.2016 00:00:00.000,1.06732,1.06732,1.06732,1.06732,0
07.08.2016 00:00:00.000,1.06824,1.06962,1.06641,1.06929,10894.0098
08.08.2016 00:00:00.000,1.06929,1.07463,1.06818,1.07140,130724.0703
09.08.2016 00:00:00.000,1.07138,1.07448,1.06842,1.06980,156630.3125
10.08.2016 00:00:00.000,1.06982,1.07182,1.05668,1.05852,198579.0938
11.08.2016 00:00:00.000,1.05855,1.07032,1.05532,1.06684,164777.5156
12.08.2016 00:00:00.000,1.06684,1.06873,1.06214,1.06360,154408.625
13.08.2016 00:00:00.000,1.06360,1.06360,1.06360,1.06360,0
14.08.2016 00:00:00.000,1.06675,1.06675,1.06373,1.06467,7693.3799
15.08.2016 00:00:00.000,1.06467,1.06758,1.06279,1.06401,133532.3281
16.08.2016 00:00:00.000,1.06401,1.06551,1.05226,1.05725,179122.6875
17.08.2016 00:00:00.000,1.05730,1.05791,1.05395,1.05509,170969.5625
18.08.2016 00:00:00.000,1.05509,1.05801,1.05208,1.05465,185998.375
19.08.2016 00:00:00.000,1.05467,1.05494,1.04772,1.04942,139338.4219
20.08.2016 00:00:00.000,1.04942,1.04942,1.04942,1.04942,0
21.08.2016 00:00:00.000,1.04948,1.05096,1.04898,1.04945,15576.4102
22.08.2016 00:00:00.000,1.04945,1.05293,1.04352,1.04689,178398.0469
23.08.2016 00:00:00.000,1.04689,1.04713,1.04196,1.04649,181324.4063
24.08.2016 00:00:00.000,1.04649,1.04700,1.04017,1.04060,174414.1094
25.08.2016 00:00:00.000,1.04060,1.04446,1.03950,1.04441,146082.1875
26.08.2016 00:00:00.000,1.04441,1.04693,1.04155,1.04584,179801
27.08.2016 00:00:00.000,1.04584,1.04584,1.04584,1.04584,0
28.08.2016 00:00:00.000,1.04649,1.04706,1.04396,1.04414,10102.3896
29.08.2016 00:00:00.000,1.04414,1.04591,1.04222,1.04406,188667.7344
30.08.2016 00:00:00.000,1.04405,1.04553,1.03836,1.03911,189759.7344
31.08.2016 00:00:00.000,1.03911,1.03962,1.03520,1.03809,207349.6563
01.09.2016 00:00:00.000,1.03809,1.04015,1.03475,1.03574,223544.4063
02.09.2016 00:00:00.000,1.03575,1.03914,1.03404,1.03870,228111.4531
03.09.2016 00:00:00.000,1.03870,1.03870,1.03870,1.03870,0
04.09.2016 00:00:00.000,1.04019,1.04029,1.03723,1.03749,11681.3701
05.09.2016 00:00:00.000,1.03749,1.03912,1.03570,1.03896,169854.375
06.09.2016 00:00:00.000,1.03896,1.04359,1.03468,1.03624,239128.8906
07.09.2016 00:00:00.000,1.03624,1.03672,1.02653,1.02972,229139.4531
08.09.2016 00:00:00.000,1.02972,1.03716,1.02742,1.03291,251958.7344
09.09.2016 00:00:00.000,1.03291,1.03497,1.02920,1.03061,225256.6875
10.09.2016 00:00:00.000,1.03061,1.03061,1.03061,1.03061,0
11.09.2016 00:00:00.000,1.03011,1.03078,1.02846,1.02868,14284.9697
12.09.2016 00:00:00.000,1.02868,1.03058,1.02697,1.02836,266277.5313
13.09.2016 00:00:00.000,1.02837,1.03124,1.02571,1.03057,286963.4688
14.09.2016 00:00:00.000,1.03061,1.03170,1.02391,1.02882,264235.1563
15.09.2016 00:00:00.000,1.02883,1.02961,1.02438,1.02628,264268.1563
16.09.2016 00:00:00.000,1.02627,1.03238,1.02586,1.03238,194810.7344
17.09.2016 00:00:00.000,1.03238,1.03238,1.03238,1.03238,0
18.09.2016 00:00:00.000,1.03107,1.03211,1.03033,1.03151,8648.3896
19.09.2016 00:00:00.000,1.03151,1.03437,1.03097,1.03232,176628.2813
20.09.2016 00:00:00.000,1.03232,1.03356,1.02690,1.03250,197008.0938
21.09.2016 00:00:00.000,1.03251,1.04067,1.03118,1.03941,302779.6563
22.09.2016 00:00:00.000,1.03941,1.04671,1.03707,1.04588,224694.5781
23.09.2016 00:00:00.000,1.04590,1.05447,1.04590,1.05276,201743.3594
24.09.2016 00:00:00.000,1.05276,1.05276,1.05276,1.05276,0
25.09.2016 00:00:00.000,1.05172,1.05422,1.05122,1.05281,12366.5996
26.09.2016 00:00:00.000,1.05281,1.05398,1.04872,1.04902,208939.8125
27.09.2016 00:00:00.000,1.04901,1.05236,1.04797,1.05167,225113.5156
28.09.2016 00:00:00.000,1.05167,1.05871,1.05156,1.05649,235899.0156
29.09.2016 00:00:00.000,1.05650,1.05852,1.05191,1.05301,260251.0625
30.09.2016 00:00:00.000,1.05299,1.05413,1.04741,1.05212,202132.4375
01.10.2016 00:00:00.000,1.05212,1.05212,1.05212,1.05212,0
02.10.2016 00:00:00.000,1.05240,1.05467,1.05114,1.05245,16336.21
03.10.2016 00:00:00.000,1.05245,1.05700,1.05213,1.05357,180918.0469
04.10.2016 00:00:00.000,1.05360,1.06094,1.05101,1.05913,253635.9063
05.10.2016 00:00:00.000,1.05913,1.06356,1.05893,1.06275,216110.8125
06.10.2016 00:00:00.000,1.06275,1.06366,1.05767,1.05809,207177.875
07.10.2016 00:00:00.000,1.05814,1.06401,1.05805,1.05942,250921.6094
08.10.2016 00:00:00.000,1.05942,1.05942,1.05942,1.05942,0
09.10.2016 00:00:00.000,1.06028,1.06221,1.05924,1.05974,12813.0596
10.10.2016 00:00:00.000,1.05974,1.06799,1.05949,1.06624,159132.9844
11.10.2016 00:00:00.000,1.06624,1.07014,1.06545,1.06792,229007.9063
12.10.2016 00:00:00.000,1.06789,1.07440,1.06752,1.07220,210334.4063
13.10.2016 00:00:00.000,1.07220,1.07221,1.06622,1.06771,218819.4219
14.10.2016 00:00:00.000,1.06771,1.07666,1.06571,1.07569,183046.4375
15.10.2016 00:00:00.000,1.07569,1.07569,1.07569,1.07569,0
16.10.2016 00:00:00.000,1.07512,1.07541,1.07146,1.07172,13014.2002
17.10.2016 00:00:00.000,1.07171,1.07216,1.06247,1.06534,169222.6406
18.10.2016 00:00:00.000,1.06534,1.06938,1.06304,1.06479,177258.4375
19.10.2016 00:00:00.000,1.06480,1.06877,1.06275,1.06850,169783.625
20.10.2016 00:00:00.000,1.06850,1.06975,1.05930,1.06189,169349.7656
21.10.2016 00:00:00.000,1.06187,1.06665,1.06092,1.06260,138483.8438
22.10.2016 00:00:00.000,1.06260,1.06260,1.06260,1.06260,0
23.10.2016 00:00:00.000,1.06328,1.06390,1.06199,1.06249,8355.7402
24.10.2016 00:00:00.000,1.06248,1.06851,1.06189,1.06459,95472.6484
25.10.2016 00:00:00.000,1.06463,1.07040,1.06435,1.06767,90617.6875
26.10.2016 00:00:00.000,1.06768,1.07577,1.06543,1.06981,92417.6094
27.10.2016 00:00:00.000,1.06978,1.07011,1.06493,1.06527,90587.4219
28.10.2016 00:00:00.000,1.06529,1.06649,1.06003,1.06110,101365.9766
29.10.2016 00:00:00.000,1.06110,1.06110,1.06110,1.06110,0
30.10.2016 00:00:00.000,1.06168,1.06322,1.06024,1.06051,5434.8599
31.10.2016 00:00:00.000,1.06048,1.06512,1.06036,1.06334,86939.7031
01.11.2016 00:00:00.000,1.06333,1.07059,1.06020,1.06126,128383.4219
02.11.2016 00:00:00.000,1.06123,1.06178,1.04909,1.05079,135803.0156
03.11.2016 00:00:00.000,1.05076,1.05331,1.04692,1.04863,120021.2578
04.11.2016 00:00:00.000,1.04872,1.05164,1.04734,1.04788,121915.8828
05.11.2016 00:00:00.000,1.04788,1.04788,1.04788,1.04788,0
06.11.2016 00:00:00.000,1.04580,1.05187,1.04580,1.04894,9015.1797
07.11.2016 00:00:00.000,1.04895,1.05428,1.04774,1.05189,109657.6719
08.11.2016 00:00:00.000,1.05194,1.05293,1.04749,1.05096,116577.0313
09.11.2016 00:00:00.000,1.05098,1.05348,1.03676,1.04954,281039.5938
10.11.2016 00:00:00.000,1.04954,1.06489,1.04868,1.05541,204862.0156
11.11.2016 00:00:00.000,1.05541,1.06254,1.05080,1.06200,199062.2656
12.11.2016 00:00:00.000,1.06200,1.06200,1.06200,1.06200,0
13.11.2016 00:00:00.000,1.05744,1.06367,1.05676,1.06169,10573.2197
14.11.2016 00:00:00.000,1.06172,1.06601,1.06027,1.06192,188600.4375
15.11.2016 00:00:00.000,1.06190,1.06569,1.06002,1.06528,178577.2813
16.11.2016 00:00:00.000,1.06528,1.06576,1.05594,1.05616,168859.1719
17.11.2016 00:00:00.000,1.05606,1.05850,1.05208,1.05401,150626.5781
18.11.2016 00:00:00.000,1.05401,1.05472,1.04484,1.04731,153723.4531
19.11.2016 00:00:00.000,1.04731,1.04731,1.04731,1.04731,0
20.11.2016 00:00:00.000,1.04875,1.04910,1.04492,1.04690,11658.3301
21.11.2016 00:00:00.000,1.04690,1.04812,1.04175,1.04229,153294.5938
22.11.2016 00:00:00.000,1.04226,1.04946,1.04213,1.04819,131806.7656
23.11.2016 00:00:00.000,1.04822,1.05637,1.04721,1.05375,136866.9531
24.11.2016 00:00:00.000,1.05375,1.05981,1.05329,1.05817,105028.0391
25.11.2016 00:00:00.000,1.05817,1.06140,1.05394,1.05758,141444.6875
26.11.2016 00:00:00.000,1.05758,1.05758,1.05758,1.05758,0
27.11.2016 00:00:00.000,1.05664,1.05789,1.05527,1.05627,5910.3599
28.11.2016 00:00:00.000,1.05630,1.05957,1.05348,1.05795,152566.2031
29.11.2016 00:00:00.000,1.05795,1.05886,1.04815,1.04910,147581.9688
30.11.2016 00:00:00.000,1.04909,1.04940,1.04143,1.04398,153158.3281
01.12.2016 00:00:00.000,1.04399,1.04918,1.04184,1.04590,149135.8906
02.12.2016 00:00:00.000,1.04592,1.04762,1.04250,1.04481,132685.6563
03.12.2016 00:00:00.000,1.04481,1.04481,1.04481,1.04481,0
04.12.2016 00:00:00.000,1.04612,1.05101,1.04318,1.04951,17088.9297
05.12.2016 00:00:00.000,1.04947,1.05194,1.04580,1.04652,153987.25
06.12.2016 00:00:00.000,1.04651,1.04945,1.04183,1.04912,118233.4609
07.12.2016 00:00:00.000,1.04910,1.04979,1.04209,1.04215,112066.5469
08.12.2016 00:00:00.000,1.04216,1.04312,1.03789,1.03878,151240.125
09.12.2016 00:00:00.000,1.03877,1.04459,1.03835,1.04441,121724.7266
10.12.2016 00:00:00.000,1.04441,1.04441,1.04441,1.04441,0
11.12.2016 00:00:00.000,1.04515,1.04652,1.04347,1.04537,7857.9199
12.12.2016 00:00:00.000,1.04540,1.04603,1.04073,1.04156,134326.0625
13.12.2016 00:00:00.000,1.04156,1.04287,1.03856,1.04090,134080.7188
14.12.2016 00:00:00.000,1.04089,1.04234,1.03767,1.04123,164347.9219
15.12.2016 00:00:00.000,1.04124,1.04743,1.04064,1.04531,206987.8594
16.12.2016 00:00:00.000,1.04531,1.05005,1.04408,1.04977,149321.1563
17.12.2016 00:00:00.000,1.04977,1.04977,1.04977,1.04977,0
18.12.2016 00:00:00.000,1.04549,1.04777,1.04492,1.04747,9337.8701
19.12.2016 00:00:00.000,1.04747,1.04757,1.04404,1.04667,149155.9531
20.12.2016 00:00:00.000,1.04668,1.05029,1.04630,1.04957,132508.4688
21.12.2016 00:00:00.000,1.04954,1.05057,1.04587,1.04832,120419.3828
22.12.2016 00:00:00.000,1.04833,1.05021,1.04365,1.04589,120966.0469
23.12.2016 00:00:00.000,1.04586,1.04653,1.04198,1.04366,86935.8438
24.12.2016 00:00:00.000,1.04366,1.04366,1.04366,1.04366,0
25.12.2016 00:00:00.000,1.04600,1.04607,1.04207,1.04319,3922.0701
26.12.2016 00:00:00.000,1.04319,1.04831,1.03955,1.04332,43534.7617
27.12.2016 00:00:00.000,1.04330,1.04441,1.04209,1.04268,78258.8438
28.12.2016 00:00:00.000,1.04269,1.04374,1.03665,1.03747,100082.0391
29.12.2016 00:00:00.000,1.03747,1.04030,1.03582,1.03851,111294.0234
30.12.2016 00:00:00.000,1.03853,1.04207,1.03740,1.04096,135683.9063
31.12.2016 00:00:00.000,1.04096,1.04096,1.04096,1.04096,0
01.01.2017 00:00:00.000,1.04096,1.04232,1.04022,1.04033,232.5
02.01.2017 00:00:00.000,1.04034,1.04215,1.03405,1.03852,67848.2215
03.01.2017 00:00:00.000,1.03853,1.04641,1.03572,1.04481,125046.699
04.01.2017 00:00:00.000,1.04482,1.04887,1.04422,1.04615,153224.02160000004
05.01.2017 00:00:00.000,1.04615,1.04809,1.04259,1.04537,182430.66889999996
06.01.2017 00:00:00.000,1.04534,1.04942,1.04272,1.04906,148971.9001
07.01.2017 00:00:00.000,1.04906,1.04906,1.04906,1.04906,0
08.01.2017 00:00:00.000,1.04906,1.04955,1.04737,1.04955,4315.2300000000005
09.01.2017 00:00:00.000,1.04954,1.05195,1.04765,1.04896,137361.29970000003
10.01.2017 00:00:00.000,1.04896,1.05519,1.04660,1.05401,149823.2304
11.01.2017 00:00:00.000,1.05400,1.05724,1.05300,1.05416,198477.1999
12.01.2017 00:00:00.000,1.05409,1.05607,1.05060,1.05312,185961.7102
13.01.2017 00:00:00.000,1.05313,1.05463,1.05072,1.05266,167679.7102
14.01.2017 00:00:00.000,1.05266,1.05266,1.05266,1.05266,0
15.01.2017 00:00:00.000,1.05266,1.05395,1.05005,1.05206,9617.1799
16.01.2017 00:00:00.000,1.05207,1.05462,1.05177,1.05263,129975.47990000003
17.01.2017 00:00:00.000,1.05263,1.05304,1.04795,1.04851,188740.90050000002
18.01.2017 00:00:00.000,1.04851,1.05419,1.04672,1.05345,159151.1283
19.01.2017 00:00:00.000,1.05347,1.05456,1.05072,1.05198,194763.261
20.01.2017 00:00:00.000,1.05198,1.05559,1.04951,1.05546,183601.00149999995
21.01.2017 00:00:00.000,1.05546,1.05546,1.05546,1.05546,0
22.01.2017 00:00:00.000,1.05546,1.05572,1.05273,1.05353,5961.4
23.01.2017 00:00:00.000,1.05355,1.05392,1.04590,1.04810,160296.16850000003
24.01.2017 00:00:00.000,1.04809,1.04937,1.04420,1.04685,151414.71919999996
25.01.2017 00:00:00.000,1.04686,1.04714,1.03614,1.03766,175485.2006
26.01.2017 00:00:00.000,1.03767,1.04268,1.03746,1.03981,161237.4793
27.01.2017 00:00:00.000,1.03983,1.04091,1.03705,1.03984,146339.46180000005
28.01.2017 00:00:00.000,1.03984,1.03984,1.03984,1.03984,0
29.01.2017 00:00:00.000,1.03984,1.04081,1.03853,1.03878,5864.2701
30.01.2017 00:00:00.000,1.03879,1.04179,1.03643,1.03721,131928.77080000003
31.01.2017 00:00:00.000,1.03724,1.04106,1.03277,1.03914,160332.4916
01.02.2017 00:00:00.000,1.03912,1.04668,1.03839,1.04495,149844.6391
02.02.2017 00:00:00.000,1.04502,1.05225,1.04327,1.05070,151884.63030000005
03.02.2017 00:00:00.000,1.05067,1.05308,1.04870,1.05115,143350.6607
04.02.2017 00:00:00.000,1.05115,1.05115,1.05115,1.05115,0
05.02.2017 00:00:00.000,1.05115,1.05187,1.04849,1.04945,5169.600200000001
06.02.2017 00:00:00.000,1.04946,1.05048,1.04495,1.04495,130710.6587
07.02.2017 00:00:00.000,1.04497,1.04612,1.03811,1.04454,149814.8499
08.02.2017 00:00:00.000,1.04454,1.05526,1.04297,1.05516,145233.0399
09.02.2017 00:00:00.000,1.05516,1.06319,1.05423,1.06040,139647.73840000003
10.02.2017 00:00:00.000,1.06040,1.06758,1.05983,1.06645,128263.94980000002
11.02.2017 00:00:00.000,1.06645,1.06645,1.06645,1.06645,0
12.02.2017 00:00:00.000,1.06645,1.06709,1.06421,1.06669,7184.6
13.02.2017 00:00:00.000,1.06668,1.06795,1.06341,1.06445,120675.65120000001
14.02.2017 00:00:00.000,1.06445,1.07088,1.06385,1.06939,142471.90120000005
15.02.2017 00:00:00.000,1.06942,1.07086,1.06701,1.06920,139781.9198
16.02.2017 00:00:00.000,1.06921,1.06968,1.06363,1.06696,155964.0598
17.02.2017 00:00:00.000,1.06696,1.07105,1.06508,1.06790,128376.94979999999
18.02.2017 00:00:00.000,1.06790,1.06790,1.06790,1.06790,0
19.02.2017 00:00:00.000,1.06790,1.06856,1.06633,1.06779,5447.7899
20.02.2017 00:00:00.000,1.06775,1.07187,1.06738,1.07182,87882.531
21.02.2017 00:00:00.000,1.07186,1.07396,1.07038,1.07171,116769.29920000001
22.02.2017 00:00:00.000,1.07171,1.07498,1.07076,1.07186,120059.09120000002
23.02.2017 00:00:00.000,1.07188,1.07233,1.06617,1.06688,127786.36140000002
24.02.2017 00:00:00.000,1.06686,1.06894,1.06441,1.06621,111042.889
25.02.2017 00:00:00.000,1.06621,1.06621,1.06621,1.06621,0
26.02.2017 00:00:00.000,1.06621,1.06754,1.06594,1.06684,7072.7301
27.02.2017 00:00:00.000,1.06683,1.06928,1.06473,1.06868,108979.6306
28.02.2017 00:00:00.000,1.06868,1.06997,1.06191,1.06568,129602.31990000003
01.03.2017 00:00:00.000,1.06568,1.07679,1.06523,1.07633,170002.57010000004
02.03.2017 00:00:00.000,1.07633,1.07676,1.06999,1.07258,130338.55959999998
03.03.2017 00:00:00.000,1.07259,1.07965,1.07151,1.07864,133780.3399
04.03.2017 00:00:00.000,1.07864,1.07864,1.07864,1.07864,0
05.03.2017 00:00:00.000,1.07864,1.08109,1.07864,1.07923,6785.78
06.03.2017 00:00:00.000,1.07926,1.08537,1.07804,1.08526,112277.25929999999
07.03.2017 00:00:00.000,1.08525,1.09198,1.08429,1.09068,120176.20010000002
08.03.2017 00:00:00.000,1.09067,1.09278,1.08769,1.08845,132596.6999
09.03.2017 00:00:00.000,1.08847,1.09093,1.08613,1.08876,133957.3699
10.03.2017 00:00:00.000,1.08877,1.09051,1.08627,1.09031,123803.64849999998
11.03.2017 00:00:00.000,1.09031,1.09031,1.09031,1.09031,0
12.03.2017 00:00:00.000,1.09031,1.09031,1.08779,1.08959,6658.829900000001
13.03.2017 00:00:00.000,1.08963,1.09493,1.08881,1.09361,108810.68950000001
14.03.2017 00:00:00.000,1.09363,1.09428,1.09094,1.09199,111154.6999
15.03.2017 00:00:00.000,1.09200,1.10038,1.09071,1.09688,140325.51979999998
16.03.2017 00:00:00.000,1.09690,1.10209,1.09324,1.09880,146715.97030000002
17.03.2017 00:00:00.000,1.09880,1.10037,1.09556,1.09842,110276.0504
18.03.2017 00:00:00.000,1.09842,1.09842,1.09842,1.09842,0
19.03.2017 00:00:00.000,1.09842,1.09871,1.09651,1.09681,6890.0098
20.03.2017 00:00:00.000,1.09681,1.09807,1.09511,1.09661,106398.06020000004
21.03.2017 00:00:00.000,1.09665,1.09730,1.08980,1.08990,140613.31939999998
22.03.2017 00:00:00.000,1.08989,1.09139,1.08593,1.08933,139053.65989999997
23.03.2017 00:00:00.000,1.08933,1.08972,1.08256,1.08626,127764.60969999999
24.03.2017 00:00:00.000,1.08624,1.08895,1.08313,1.08537,106073.85950000002
25.03.2017 00:00:00.000,1.08537,1.08537,1.08537,1.08537,0
26.03.2017 00:00:00.000,1.08537,1.08684,1.08327,1.08353,8793.8799
27.03.2017 00:00:00.000,1.08354,1.08383,1.07941,1.08260,110247.3689
28.03.2017 00:00:00.000,1.08261,1.09266,1.08130,1.09224,104772.04000000001
29.03.2017 00:00:00.000,1.09228,1.09249,1.08865,1.09057,102368.13949999999
30.03.2017 00:00:00.000,1.09056,1.09458,1.09015,1.09281,108515.14989999999
31.03.2017 00:00:00.000,1.09280,1.09679,1.08849,1.08955,107603.76000000001
01.04.2017 00:00:00.000,1.08955,1.08955,1.08955,1.08955,0
02.04.2017 00:00:00.000,1.08955,1.09198,1.08863,1.08956,6231.1799
03.04.2017 00:00:00.000,1.08956,1.08978,1.08352,1.08399,104236.69980000002
04.04.2017 00:00:00.000,1.08398,1.08806,1.08121,1.08501,112787.1992
05.04.2017 00:00:00.000,1.08498,1.09007,1.08422,1.08488,123074.3096
06.04.2017 00:00:00.000,1.08488,1.08507,1.08093,1.08156,117638.17120000001
07.04.2017 00:00:00.000,1.08160,1.08285,1.07636,1.08246,133490.14049999998
08.04.2017 00:00:00.000,1.08246,1.08246,1.08246,1.08246,0
09.04.2017 00:00:00.000,1.08246,1.08246,1.08073,1.08166,8342.4398
10.04.2017 00:00:00.000,1.08166,1.08352,1.07651,1.07797,110561.5799
11.04.2017 00:00:00.000,1.07803,1.08204,1.07666,1.07849,120297.46970000002
12.04.2017 00:00:00.000,1.07848,1.08290,1.07710,1.07828,137523.90120000002
13.04.2017 00:00:00.000,1.07827,1.08487,1.07735,1.08182,130236.04049999999
14.04.2017 00:00:00.000,1.08185,1.08375,1.08081,1.08373,53763.5708
15.04.2017 00:00:00.000,1.08373,1.08373,1.08373,1.08373,0
16.04.2017 00:00:00.000,1.08373,1.08498,1.08070,1.08090,7907.5302
17.04.2017 00:00:00.000,1.08090,1.08386,1.07896,1.08262,74486.29000000001
18.04.2017 00:00:00.000,1.08263,1.08344,1.07204,1.07306,122409.68869999997
19.04.2017 00:00:00.000,1.07303,1.07361,1.06445,1.06506,115491.81059999998
20.04.2017 00:00:00.000,1.06510,1.07668,1.06483,1.07577,113586.1506
21.04.2017 00:00:00.000,1.07580,1.07721,1.07204,1.07366,88865.12030000001
22.04.2017 00:00:00.000,1.07366,1.07366,1.07366,1.07366,0
23.04.2017 00:00:00.000,1.07366,1.07749,1.07270,1.07327,11270.4301
24.04.2017 00:00:00.000,1.07326,1.07986,1.07281,1.07806,102889.7007
25.04.2017 00:00:00.000,1.07805,1.08553,1.07801,1.08461,109594.52910000001
26.04.2017 00:00:00.000,1.08465,1.08753,1.08248,1.08357,138536.1096
27.04.2017 00:00:00.000,1.08357,1.08773,1.08212,1.08534,123097.74170000003
28.04.2017 00:00:00.000,1.08534,1.09183,1.08481,1.09126,111617.29940000002
29.04.2017 00:00:00.000,1.09126,1.09126,1.09126,1.09126,0
30.04.2017 00:00:00.000,1.09126,1.09129,1.08825,1.08879,8939.569899999999
01.05.2017 00:00:00.000,1.08879,1.09367,1.08811,1.08821,85130.79890000001
02.05.2017 00:00:00.000,1.08826,1.09147,1.08195,1.08355,101257.83029999999
03.05.2017 00:00:00.000,1.08353,1.08512,1.07762,1.07895,115657.7402
04.05.2017 00:00:00.000,1.07896,1.08033,1.07602,1.07828,122790.1596
05.05.2017 00:00:00.000,1.07831,1.07864,1.07025,1.07224,117078.56910000001
06.05.2017 00:00:00.000,1.07224,1.07224,1.07224,1.07224,0
07.05.2017 00:00:00.000,1.07224,1.07478,1.07224,1.07472,7745.219999999999
08.05.2017 00:00:00.000,1.07477,1.07486,1.06690,1.06769,110810.64989999999
09.05.2017 00:00:00.000,1.06774,1.06893,1.06421,1.06483,128198.47989999999
10.05.2017 00:00:00.000,1.06483,1.07784,1.06115,1.07719,132462.96010000003
11.05.2017 00:00:00.000,1.07718,1.07906,1.07309,1.07815,119286.08909999998
12.05.2017 00:00:00.000,1.07822,1.08064,1.07697,1.07729,102238.46019999999
13.05.2017 00:00:00.000,1.07729,1.07729,1.07729,1.07729,0
14.05.2017 00:00:00.000,1.07729,1.07855,1.07541,1.07698,12015.6898
15.05.2017 00:00:00.000,1.07697,1.07882,1.07554,1.07705,93996.64009999999
16.05.2017 00:00:00.000,1.07704,1.08016,1.07464,1.07732,114068.8103
17.05.2017 00:00:00.000,1.07732,1.07761,1.06979,1.07097,136768.3301
18.05.2017 00:00:00.000,1.07093,1.07736,1.06940,1.07655,141467.71010000005
19.05.2017 00:00:00.000,1.07656,1.08225,1.07485,1.07731,111445.88919999999
20.05.2017 00:00:00.000,1.07731,1.07731,1.07731,1.07731,0
21.05.2017 00:00:00.000,1.07731,1.07731,1.07410,1.07492,5366.63
22.05.2017 00:00:00.000,1.07501,1.07558,1.06653,1.06657,101000.0508
23.05.2017 00:00:00.000,1.06657,1.06947,1.06459,1.06622,115707.48980000001
24.05.2017 00:00:00.000,1.06624,1.06640,1.06259,1.06437,126258.15999999999
25.05.2017 00:00:00.000,1.06441,1.06687,1.05906,1.06241,119131.62920000001
26.05.2017 00:00:00.000,1.06240,1.06240,1.05280,1.05463,119417.3094
27.05.2017 00:00:00.000,1.05463,1.05463,1.05463,1.05463,0
28.05.2017 00:00:00.000,1.05463,1.05705,1.05423,1.05571,6539.769899999999
29.05.2017 00:00:00.000,1.05573,1.05717,1.04917,1.05516,74165.89029999998
30.05.2017 00:00:00.000,1.05516,1.05615,1.05111,1.05278,107543.1701
31.05.2017 00:00:00.000,1.05280,1.05401,1.04670,1.04855,117994.0608
01.06.2017 00:00:00.000,1.04856,1.05168,1.04365,1.04531,120174.64000000025
02.06.2017 00:00:00.000,1.04534,1.04550,1.03917,1.04224,105839.48000000013
03.06.2017 00:00:00.000,1.04224,1.04224,1.04224,1.04224,0
04.06.2017 00:00:00.000,1.04224,1.04249,1.04071,1.04099,9653.23
05.06.2017 00:00:00.000,1.04100,1.05071,1.03991,1.05013,87289.12000000007
06.06.2017 00:00:00.000,1.05014,1.05034,1.04208,1.04632,119279.97000000004
07.06.2017 00:00:00.000,1.04631,1.05177,1.04400,1.04899,109598.70999999995
08.06.2017 00:00:00.000,1.04904,1.04905,1.04424,1.04598,121552.58
09.06.2017 00:00:00.000,1.04599,1.04674,1.04381,1.04451,98644.84000000007
10.06.2017 00:00:00.000,1.04451,1.04451,1.04451,1.04451,0
11.06.2017 00:00:00.000,1.04451,1.04648,1.04418,1.04464,7582.609999999998
12.06.2017 00:00:00.000,1.04467,1.05000,1.04426,1.04778,104442.1800000001
13.06.2017 00:00:00.000,1.04777,1.04839,1.04314,1.04599,97389.81000000013
14.06.2017 00:00:00.000,1.04600,1.04856,1.04155,1.04765,140765.51999999984
15.06.2017 00:00:00.000,1.04762,1.05519,1.04545,1.05159,118121.22000000006